Oral commisure (L) x,Oral commisure (L) y,Oral commisure (R) x,Oral commisure (R) y,Lateral canthus (L) x,Lateral canthus (L) y,Lateral canthus (R) x,Lateral canthus (R) y,Palpebral fissure (RU) x,Palpebral fissure (RU) y,Palpebral fissure (RL) x,Palpebral fissure (RL) y,Palpebral fissure (LU) x,Palpebral fissure (LU) y,Palpebral fissure (LL) x,Palpebral fissure (LL) y,Depressor (L) x,Depressor (L) y,Depressor (R) x,Depressor (R) y,Depressor (M) x,Depressor (M) y,Nasal ala (L) x,Nasal ala (L) y,Nasal ala (R) x,Nasal ala (R) y,Medial brow (L) x,Medial brow (L) y,Medial brow (R) x,Medial brow (R) y,Malar eminence (L) x,Malar eminence (L) y,Malar eminence (R) x,Malar eminence (R) y,Dental show (Top) x,Dental show (Top) y,Dental show (Bottom) x,Dental show (Bottom) y
1056.90881792 637.078495384 1015.31864314 634.959250809 1078.36616924 568.203046699 993.861291815 570.057385702 1008.43109827 562.64002969 1009.49072056 572.176630277 1068.29975751 563.699651977 1068.56466308 572.971346992 1052.67032877 643.70113468 1021.67637686 643.171323536 1036.51108889 648.999246117 1054.2597622 600.521526466 1023.26581029 598.402281891 1074.39258566 547.540412094 1003.66279797 550.189467812 1075.71711352 606.084543475 1002.07336454 604.230204472 1036.24618331 635.224156381 1036.24618331 638.403023243
1056.98708193 636.811005611 1015.36472557 634.837015418 1079.12503713 568.785500182 994.212255776 569.712669684 1008.62922867 562.570032208 1009.02696445 572.225120978 1068.54466597 563.760220173 1068.54504339 573.150780792 1052.27712829 643.383570792 1021.59148545 643.514891313 1037.19751404 649.598661344 1053.73222183 600.265482316 1023.17865435 598.9417093 1073.61284908 547.756078377 1003.1971855 550.401359879 1075.43174934 606.061278867 999.698440621 604.118145025 1036.39296177 635.159375384 1036.39296177 639.085526798
1057.06534595 636.543515839 1015.410808 634.714780027 1079.88390503 569.367953666 994.563219737 569.367953666 1008.82735907 562.500034726 1008.56320835 572.273611679 1068.78957443 563.820788368 1068.5254237 573.330214592 1051.88392781 643.066006903 1021.50659404 643.858459089 1037.8839392 650.198076572 1053.20468145 600.009438166 1023.09149841 599.481136709 1072.83311251 547.971744661 1002.73157303 550.613251946 1075.14638516 606.038014258 997.323516698 604.006085578 1036.53974023 635.094594388 1036.53974023 639.768030353
1057.00680059 636.694560932 1014.71728493 634.750005185 1079.57644841 569.282279067 994.678404288 569.625675014 1009.02178884 563.272849995 1008.88971348 572.108691862 1068.41608013 563.853981598 1068.28400477 573.759633915 1052.33992932 643.712920745 1021.0521352 643.171333601 1038.30633574 649.857941982 1052.9097711 599.39138623 1023.06073878 598.863084773 1074.09262759 548.064867763 1002.97512378 550.401585746 1075.22581858 604.552485078 997.707739427 603.434924304 1036.51757722 634.828222416 1036.61917366 639.196869079
1056.94825524 636.845606025 1014.02376187 634.785230343 1079.2689918 569.196604469 994.793588838 569.883396363 1009.21621861 564.045665264 1009.21621861 571.943772045 1068.04258584 563.887174827 1068.04258584 574.189053237 1052.79593083 644.359834587 1020.59767636 642.484208113 1038.72873228 649.517807391 1052.61486074 598.773334294 1023.02997915 598.245032837 1075.35214267 548.157990866 1003.21867452 550.189919546 1075.30525201 603.066955898 998.091962156 602.86376303 1036.49541422 634.561850444 1036.69860708 638.625707805
1056.90128904 636.697241907 1014.49188959 634.636866225 1079.56542154 569.391636298 994.574924665 570.078428192 1009.31148742 563.642294097 1009.31148742 571.95999415 1068.39082977 563.664645312 1067.8828476 574.098599086 1052.87424085 644.28165016 1021.144893 642.640476995 1038.57258899 649.283320758 1052.28900932 599.29661278 1022.8362031 599.164537415 1075.59523129 548.152967894 1003.25857026 550.489685877 1075.59835733 603.845788491 997.369103135 603.347965964 1036.77835989 634.649827285 1036.87995633 639.059112522
1056.85432284 636.54887779 1014.96001731 634.488502108 1079.86185129 569.586668127 994.356260491 570.273460021 1009.40675623 563.23892293 1009.40675623 571.976216255 1068.73907369 563.442115798 1067.72310935 574.008144936 1052.95255087 644.203465733 1021.69210963 642.796745877 1038.41644569 649.048834125 1051.9631579 599.819891265 1022.64242705 600.084041993 1075.8383199 548.147944923 1003.29846601 550.789452207 1075.89146265 604.624621083 996.646244114 603.832168898 1037.06130557 634.737804127 1037.06130557 639.492517239
1056.48725107 636.613744594 1015.62719723 634.567592413 1079.64412627 569.311186878 993.814442849 570.162564995 1009.0610197 563.191017693 1008.95942327 572.334696754 1068.39333717 563.495806995 1067.78375857 573.655450397 1052.64276385 644.087569036 1022.32013585 643.227906902 1037.87220537 648.620333015 1052.50064689 599.894107873 1022.93145564 599.064323507 1074.36843359 548.270760703 1003.37213335 550.503893792 1074.67221017 603.926965889 997.672272824 602.870362976 1037.16280673 634.56845039 1037.03073136 639.455238866
1056.12017929 636.678611399 1016.29437716 634.646682718 1079.42640125 569.035705629 993.272625206 570.051669969 1008.71528318 563.143112455 1008.51209031 572.693177253 1068.04760064 563.549498192 1067.84440778 573.302755857 1052.33297683 643.971672339 1022.94816207 643.659067927 1037.32796504 648.191831906 1053.03813587 599.968324481 1023.22048423 598.044605021 1072.89854729 548.393576484 1003.4458007 550.218335376 1073.45295769 603.229310695 998.698301534 601.908557053 1037.26430789 634.399096653 1037.00015716 639.417960493
1060.76042871 633.494177411 1010.73434459 631.025384064 1079.61672686 569.000761096 992.954968641 570.016725436 1007.78804801 563.514553658 1008.19443374 572.455039852 1067.83154051 563.819342961 1067.42515478 572.353443418 1054.6599536 643.074721139 1020.66422375 643.699929964 1037.04168915 649.098367701 1053.64675843 598.860561957 1022.07611743 597.289123623 1072.89335713 548.61892629 1002.5066355 550.455833286 1078.3824594 602.309631233 995.794718184 600.633290072 1037.63212971 632.321217842 1037.29686148 640.82483937
1065.40067812 630.309743423 1005.17431203 627.404085411 1079.80705246 568.965816562 992.637312075 569.981780903 1006.86081284 563.885994862 1007.87677718 572.216902451 1067.61548038 564.08918773 1067.00590178 571.404130979 1056.98693036 642.177769939 1018.38028543 643.740792001 1036.75541326 650.004903495 1054.25538098 597.752799433 1020.93175062 596.533642225 1072.88816698 548.844276096 1001.5674703 550.693331195 1083.31196111 601.389951771 992.891134835 599.35802309 1037.99995154 630.243339032 1037.5935658 642.231718247
1066.45594123 629.721471401 1004.06353917 627.410152527 1081.21383924 569.00236261 992.129006067 569.682042753 1007.48225918 564.230378104 1007.99024135 571.658093395 1067.90673831 563.988578591 1067.60194901 571.251707659 1057.78492004 643.55359144 1017.53444481 645.021894365 1037.71067903 652.446399449 1054.19621538 597.250559752 1020.8929043 596.640981148 1073.15410996 548.362355702 1001.96548865 551.003862986 1084.30939842 600.389889563 992.080155616 598.713548402 1038.33701202 629.710620421 1037.42264412 644.543699788
1067.51120434 629.133199379 1002.95276631 627.416219644 1082.62062601 569.038908657 991.620700059 569.382304604 1008.10370551 564.574761346 1008.10370551 571.099284338 1068.19799624 563.887969452 1068.19799624 571.099284338 1058.58290972 644.92941294 1016.68860419 646.302996728 1038.6659448 654.887895403 1054.13704977 596.748320071 1020.85405798 596.748320071 1073.42005295 547.880435308 1002.36350699 551.314394777 1085.30683573 599.389827356 991.269176397 598.069073713 1038.67407251 629.17790181 1037.25172243 646.855681329
1067.74353263 629.70420886 1002.70962328 627.789116078 1081.50578558 568.75142827 992.420952411 569.4514277 1007.79452481 564.538224151 1007.79452481 571.102369753 1067.82277785 564.194828204 1067.95485321 570.970294389 1058.39259684 644.998536037 1015.65300898 646.213629388 1038.26431133 655.128716473 1054.27059506 596.399803673 1020.98760328 596.267728308 1073.28944751 548.324371094 1001.7046001 550.833803015 1086.36490857 598.5130095 990.874420232 597.588481951 1038.2691567 629.520241163 1037.25319236 646.791634946
1067.97586092 630.27521834 1002.46648026 628.162012512 1080.39094515 568.463947883 993.221204764 569.520550796 1007.4853441 564.501686956 1007.4853441 571.105455167 1067.44755946 564.501686956 1067.71171019 570.841304439 1058.20228396 645.067659133 1014.61741377 646.124262047 1037.86267787 655.369537543 1054.40414035 596.051287274 1021.12114857 595.787136546 1073.15884207 548.768306881 1001.04569321 550.353211252 1087.42298141 597.636191645 990.479664067 597.107890188 1037.86424089 629.862580516 1037.25466229 646.727588563
1067.0257259 629.927457769 1003.62955107 628.342553399 1081.02571451 568.908639497 991.742768291 570.229393139 1006.75872124 564.783824276 1006.14914263 571.692381789 1066.90381018 564.174245672 1067.10700305 571.285996053 1058.36345763 643.664858671 1015.89614821 645.899980219 1038.2473637 654.840466413 1055.11764347 597.688888425 1020.77804878 596.672924084 1073.13928785 548.656886345 1001.64906339 551.406602849 1087.10308648 599.075168761 989.570509825 598.668783025 1038.21175639 629.772922055 1037.74284977 646.340955911
1067.61960416 630.023650943 1002.95550584 628.88780281 1080.24600898 569.18973818 991.887590314 569.982190366 1007.03327409 565.271241871 1006.62688836 571.976606517 1066.56878443 564.661663267 1066.56878443 571.570220781 1058.57861565 644.521930984 1015.29853476 646.45226323 1038.56411815 654.986363688 1054.7520759 597.583488284 1020.75587715 597.075506114 1072.86289069 549.201468929 1002.26308984 551.778212995 1086.88440692 599.65021224 989.355894115 598.073435584 1038.05762963 630.108510555 1037.13638443 646.462332237
1068.21348242 630.119844116 1002.2814606 629.433052222 1079.46630345 569.470836864 992.032412337 569.734987592 1007.30782695 565.758659467 1007.10463408 572.260831244 1066.23375868 565.149080863 1066.03056581 571.854445508 1058.79377366 645.379003297 1014.7009213 647.004546241 1038.8808726 655.132260963 1054.38650833 597.478088144 1020.73370553 597.478088144 1072.58649352 549.746051513 1002.87711629 552.149823142 1086.66572735 600.22525572 989.141278406 597.478088144 1037.90350288 630.444099054 1036.52991909 646.583708563
1068.21160492 630.572869587 1002.2795831 629.370983772 1079.50404856 569.686126679 992.004119762 570.67669191 1007.12440443 565.785917728 1007.22600087 572.288089505 1066.55831833 565.481128426 1066.4567219 571.881703769 1059.00509237 645.056144616 1016.02980078 647.494459032 1038.1778234 655.52057732 1054.42550987 598.159194603 1020.42931112 597.895043874 1072.48630795 549.4833271 1002.58084959 552.412352292 1087.07453991 600.345549863 989.312355307 599.236116803 1037.34816528 630.934204217 1036.31797743 646.730417779
1068.20972742 631.025895057 1002.2777056 629.308915322 1079.54179367 569.901416494 991.975827187 571.618396228 1006.94098192 565.813175989 1007.34736765 572.315347766 1066.88287799 565.813175989 1066.88287799 571.90896203 1059.21641108 644.733285935 1017.35868026 647.984371824 1037.4747742 655.908893677 1054.46451141 598.840301062 1020.12491671 598.311999605 1072.38612237 549.220602687 1002.28458289 552.674881443 1087.48335246 600.465844006 989.483432208 600.994145463 1036.79282767 631.424309381 1036.10603578 646.877126995
1067.97380379 631.010960318 1002.61614048 629.324459514 1079.87006891 569.806559227 991.643725603 571.391463597 1006.99572829 566.025504658 1007.11034991 572.183811581 1067.0678762 565.817101716 1067.11997694 572.173391434 1058.85750166 645.162714361 1016.4579232 648.210607381 1037.65771243 656.270591147 1054.12479873 598.472465134 1020.32705168 598.187995119 1072.37829137 549.475891554 1002.34448286 552.862439355 1087.04881645 600.504393815 988.595098785 601.262980522 1036.99208909 631.483362832 1036.43002635 647.099516252
1067.73788016 630.99602558 1002.95457536 629.340003705 1080.19834414 569.71170196 991.311624018 571.164530966 1007.05047467 566.237833327 1006.87333217 572.052275397 1067.25287442 565.821027444 1067.35707589 572.437820839 1058.49859224 645.592142786 1015.55716613 648.436842939 1037.84065066 656.632288617 1053.78508605 598.104629206 1020.52918665 598.063990633 1072.37046038 549.731180422 1002.40438282 553.049997267 1086.61428043 600.542943623 987.706765362 601.531815581 1037.1913505 631.542416284 1036.75401693 647.321905509
1067.50195654 630.981090841 1003.29301024 629.355547897 1080.52661938 569.616844693 990.979522433 570.937598335 1007.10522105 566.450161996 1006.63631443 571.920739212 1067.43787263 565.824953171 1067.59417484 572.702250243 1058.13968283 646.021571212 1014.65640907 648.663078497 1038.02358889 656.993986086 1053.44537337 597.736793279 1020.73132161 597.939986147 1072.36262938 549.98646929 1002.46428278 553.237555178 1086.17974441 600.581493431 986.818431939 601.80065064 1037.39061191 631.601469735 1037.0780075 647.544294766
1067.89248391 631.273938643 1003.33810974 629.503451453 1080.00955195 569.875149707 991.008366506 571.213513398 1006.92534957 566.568576536 1006.27409038 572.65394243 1067.06001836 565.948577784 1067.43514366 572.90402596 1058.16959697 646.097631862 1014.48313034 648.874601058 1037.44392443 657.747356296 1053.37980728 598.270906425 1020.56415909 598.318318094 1071.76876184 550.310616472 1001.73495332 553.426240448 1086.0131029 601.551689732 987.05817616 602.025806424 1037.65881115 631.656696968 1037.18990453 648.172630088
1068.28301129 631.566786444 1003.38320924 629.651355008 1079.49248451 570.133454721 991.037210579 571.489428461 1006.7454781 566.686991075 1005.91186633 573.387145647 1066.6821641 566.072202397 1067.27611248 573.105801676 1058.19951111 646.173692511 1014.30985162 649.08612362 1036.86425997 658.500726506 1053.31424119 598.80501957 1020.39699657 598.696650041 1071.17489429 550.634763654 1001.00562386 553.614925718 1085.84646138 602.521886033 987.297920381 602.250962209 1037.92701039 631.711924201 1037.30180156 648.80096541
1068.67353867 631.859634246 1003.42830874 629.799258564 1078.97541708 570.391759736 991.066054652 571.765343524 1006.56560663 566.805405615 1005.54964229 574.120348864 1066.30430983 566.195827011 1067.1170813 573.307577392 1058.22942525 646.249753161 1014.13657289 649.297646181 1036.2845955 659.254096715 1053.2486751 599.339132716 1020.22983405 599.074981988 1070.58102675 550.958910836 1000.27629441 553.803610989 1085.67981987 603.492082334 987.537664603 602.476117994 1038.19520963 631.767151433 1037.4136986 649.429300732
1068.31155554 631.623051528 1003.32387257 630.816071052 1079.93550834 570.756119924 991.116146655 572.335741281 1006.86755619 567.253379669 1006.05478472 574.263533616 1066.40306652 566.643801065 1066.91104869 573.958744314 1058.30176688 646.551272047 1014.81849311 649.802357936 1036.56012999 659.2508263 1053.43841171 599.868516173 1020.27428775 599.221346888 1071.54797607 551.125595023 1001.02582736 554.436622808 1086.30868752 602.975178823 987.616895545 601.952102733 1037.84187421 632.393833013 1037.4511187 649.46641039
1067.9495724 631.386468809 1003.2194364 631.83288354 1080.8955996 571.120480113 991.166238657 572.906139038 1007.16950575 567.701353723 1006.55992715 574.406718368 1066.50182322 567.091775119 1066.70501609 574.609911236 1058.3741085 646.852790934 1015.50041334 650.307069691 1036.83566449 659.247555885 1053.62814831 600.39789963 1020.31874145 599.367711789 1072.51492539 551.292279211 1001.77536031 555.069634628 1086.93755517 602.458275312 987.696126487 601.428087471 1037.4885388 633.020514594 1037.4885388 649.503520049
1067.96579679 631.614982911 1002.83503218 631.340266153 1080.14490638 571.062830925 991.594538181 572.711131471 1006.84199554 568.096621438 1006.55007512 574.169378954 1065.97044283 567.346839755 1066.10590474 574.533771497 1057.91926409 647.763595426 1014.79970556 650.295378562 1036.80684779 659.117335582 1053.15277621 600.310662434 1020.30123061 599.166009278 1072.26848392 551.319507331 1001.52891884 554.753466801 1087.03450964 602.256572801 988.250942227 600.882989013 1037.24209733 632.933277398 1037.24209733 649.530748169
1067.98202118 631.843497012 1002.45062796 630.847648765 1079.39421315 571.005181737 992.022837704 572.516123904 1006.51448532 568.491889153 1006.54022309 573.93203954 1065.43906243 567.601904391 1065.50679339 574.457631758 1057.46441967 648.674399918 1014.09899778 650.283687432 1036.77803109 658.98711528 1052.67740411 600.223425239 1020.28371977 598.964306767 1072.02204245 551.346735451 1001.28247737 554.437298974 1087.13146412 602.054870289 988.805757966 600.337890554 1036.99565586 632.846040202 1036.99565586 649.557976289
1067.99824556 632.072011113 1002.06622374 630.355031378 1078.64351992 570.947532549 992.451137228 572.321116337 1006.18697511 568.887156868 1006.53037105 573.694700125 1064.90768204 567.856969027 1064.90768204 574.381492019 1057.00957526 649.585204409 1013.39828999 650.271996303 1036.74921439 658.856894978 1052.202032 600.136188043 1020.26620893 598.762604255 1071.77560098 551.373963571 1001.0360359 554.121131147 1087.2284186 601.853167778 989.360573705 599.792792096 1036.74921439 632.758803007 1036.74921439 649.585204409
1067.51548498 632.369906539 1001.9546288 630.547943822 1078.77101525 571.057135918 991.900645687 572.589210143 1006.34088551 568.626949216 1006.39371565 574.033234125 1064.85907689 567.764056836 1064.94712713 574.57914563 1057.01312294 648.698485414 1014.25727965 650.375503885 1036.46219627 659.214393645 1052.72544082 600.559177335 1019.98836054 599.169338117 1071.70835979 551.470169035 1001.257463 554.281971118 1086.90970504 603.047579364 988.82173454 600.441292176 1036.79150683 632.896611678 1036.17515513 649.749428154
1067.0327244 632.667801965 1001.84303385 630.740856266 1078.89851058 571.166739286 991.350154147 572.857303948 1006.49479591 568.366741564 1006.25706026 574.371768124 1064.81047173 567.671144646 1064.98657221 574.776799241 1057.01667062 647.811766419 1015.1162693 650.479011467 1036.17517815 659.571892312 1053.24884964 600.982166626 1019.71051215 599.576071979 1071.6411186 551.566374498 1001.4788901 554.442811089 1086.59099148 604.241990949 988.282895375 601.089792256 1036.83379926 633.03442035 1035.60109587 649.913651898
1066.54996381 632.96569739 1001.73143891 630.93376871 1079.02600591 571.276342654 990.799662606 573.125397753 1006.64870631 568.106533912 1006.12040486 574.710302124 1064.76186657 567.578232455 1065.0260173 574.974452852 1057.0202183 646.925047425 1015.97525896 650.582519049 1035.88816002 659.929390979 1053.77225846 601.405155918 1019.43266376 599.982805841 1071.57387742 551.662579962 1001.7003172 554.603651061 1086.27227792 605.436402534 987.74405621 601.738292336 1036.8760917 633.172229021 1035.0270366 650.077875642
1066.52660938 632.876510088 1001.73703946 630.862360784 1079.03282562 571.227692329 990.826293621 573.043728587 1006.6151219 568.032289101 1006.10002798 574.599912427 1064.79939967 567.505472515 1065.06476174 574.888719829 1056.99788464 646.875970275 1015.93565391 650.488231486 1035.89884521 659.773129591 1053.72574575 601.294389112 1019.42049065 599.890427991 1071.58883326 551.567737045 1001.64211352 554.521130353 1086.28892439 605.319288449 987.768627204 601.670706512 1036.87424762 633.082850763 1035.062834 649.960761557
1066.50325495 632.787322786 1001.74264001 630.790952858 1079.03964533 571.179042004 990.852924636 572.962059421 1006.58153749 567.95804429 1006.07965111 574.489522731 1064.83693276 567.432712575 1065.10350617 574.802986806 1056.97555099 646.826893125 1015.89604886 650.393943923 1035.90953039 659.616868203 1053.67923304 601.183622307 1019.40831753 599.79805014 1071.6037891 551.472894128 1001.58390985 554.438609645 1086.30557087 605.202174364 987.793198198 601.603120688 1036.87240354 632.993472504 1035.0986314 649.843647472
1066.47990052 632.698135485 1001.74824057 630.719544932 1079.04646504 571.130391679 990.879555652 572.880390255 1006.54795308 567.883799479 1006.05927424 574.379133035 1064.87446585 567.359952635 1065.14225061 574.717253782 1056.95321733 646.777815975 1015.8564438 650.29965636 1035.92021558 659.460606815 1053.63272034 601.072855502 1019.39614442 599.705672289 1071.61874494 551.378051211 1001.52570618 554.356088938 1086.32221734 605.085060278 987.817769191 601.535534865 1036.87055946 632.904094245 1035.1344288 649.726533386
1066.45654609 632.608948183 1001.75384112 630.648137006 1079.05328475 571.081741355 990.906186667 572.79872109 1006.51436867 567.809554668 1006.03889736 574.268743339 1064.91199895 567.287192695 1065.18099505 574.631520759 1056.93088367 646.728738825 1015.81683875 650.205368797 1035.93090076 659.304345427 1053.58620763 600.962088696 1019.38397131 599.613294438 1071.63370078 551.283208294 1001.46750251 554.27356823 1086.33886381 604.967946193 987.842340185 601.467949041 1036.86871539 632.814715986 1035.1702262 649.609419301
1066.43319166 632.519760881 1001.75944167 630.57672908 1079.06010446 571.03309103 990.932817682 572.717051924 1006.48078426 567.735309857 1006.01852049 574.158353643 1064.94953204 567.214432755 1065.21973948 574.545787736 1056.90855002 646.679661675 1015.7772337 650.111081234 1035.94158595 659.14808404 1053.53969492 600.851321891 1019.3717982 599.520916588 1071.64865662 551.188365377 1001.40929884 554.191047522 1086.35551028 604.850832108 987.866911179 601.400363217 1036.86687131 632.725337727 1035.2060236 649.492305216
1066.40983723 632.430573579 1001.76504223 630.505321154 1079.06692417 570.984440705 990.959448697 572.635382758 1006.44719985 567.661065046 1005.99814362 574.047963946 1064.98706514 567.141672815 1065.25848392 574.460054713 1056.88621636 646.630584525 1015.73762865 650.01679367 1035.95227113 658.991822652 1053.49318222 600.740555086 1019.35962509 599.428538737 1071.66361246 551.093522461 1001.35109516 554.108526815 1086.37215675 604.733718022 987.891482173 601.332777393 1036.86502723 632.635959468 1035.241821 649.37519113
1066.3864828 632.341386277 1001.77064278 630.433913228 1079.07374388 570.93579038 990.986079712 572.553713592 1006.41361544 567.586820235 1005.97776674 573.93757425 1065.02459823 567.068912875 1065.29722835 574.37432169 1056.8638827 646.581507375 1015.6980236 649.922506107 1035.96295631 658.835561264 1053.44666951 600.62978828 1019.34745198 599.336160886 1071.67856831 550.998679544 1001.29289149 554.026006107 1086.38880323 604.616603937 987.916053166 601.26519157 1036.86318315 632.54658121 1035.2776184 649.258077045
1066.36312837 632.252198975 1001.77624333 630.362505302 1079.08056359 570.887140056 991.012710727 572.472044426 1006.38003103 567.512575424 1005.95738987 573.827184554 1065.06213132 566.996152935 1065.33597279 574.288588667 1056.84154905 646.532430224 1015.65841855 649.828218544 1035.9736415 658.679299876 1053.40015681 600.519021475 1019.33527886 599.243783035 1071.69352415 550.903836627 1001.23468782 553.9434854 1086.4054497 604.499489852 987.94062416 601.197605746 1036.86133907 632.457202951 1035.3134158 649.14096296
1066.33977394 632.163011673 1001.78184389 630.291097376 1079.0873833 570.838489731 991.039341742 572.390375261 1006.34644663 567.438330613 1005.937013 573.716794858 1065.09966442 566.923392995 1065.37471723 574.202855643 1056.81921539 646.483353074 1015.6188135 649.733930981 1035.98432668 658.523038488 1053.3536441 600.40825467 1019.32310575 599.151405184 1071.70847999 550.80899371 1001.17648415 553.860964692 1086.42209617 604.382375766 987.965195154 601.130019922 1036.85949499 632.367824692 1035.3492132 649.023848874
1066.31641951 632.073824371 1001.78744444 630.21968945 1079.09420301 570.789839406 991.065972758 572.308706095 1006.31286222 567.364085802 1005.91663612 573.606405162 1065.13719751 566.850633055 1065.41346166 574.11712262 1056.79688173 646.434275924 1015.57920845 649.639643418 1035.99501187 658.3667771 1053.30713139 600.297487864 1019.31093264 599.059027334 1071.72343583 550.714150793 1001.11828048 553.778443984 1086.43874264 604.265261681 987.989766147 601.062434098 1036.85765091 632.278446433 1035.3850106 648.906734789
1066.29306508 631.984637069 1001.79304499 630.148281524 1079.10102272 570.741189081 991.092603773 572.227036929 1006.27927781 567.289840991 1005.89625925 573.496015465 1065.17473061 566.777873115 1065.4522061 574.031389597 1056.77454808 646.385198774 1015.5396034 649.545355855 1036.00569705 658.210515712 1053.26061869 600.186721059 1019.29875953 598.966649483 1071.73839167 550.619307876 1001.0600768 553.695923277 1086.45538911 604.148147596 988.014337141 600.994848275 1036.85580683 632.189068174 1035.420808 648.789620704
1066.26971065 631.895449767 1001.79864555 630.076873598 1079.10784243 570.692538757 991.119234788 572.145367763 1006.2456934 567.21559618 1005.87588238 573.385625769 1065.2122637 566.705113175 1065.49095053 573.945656574 1056.75221442 646.336121624 1015.49999835 649.451068291 1036.01638224 658.054254324 1053.21410598 600.075954254 1019.28658642 598.874271632 1071.75334751 550.524464959 1001.00187313 553.613402569 1086.47203558 604.03103351 988.038908135 600.927262451 1036.85396275 632.099689915 1035.4566054 648.672506618
1066.24635622 631.806262465 1001.8042461 630.005465672 1079.11466215 570.643888432 991.145865803 572.063698597 1006.21210899 567.141351369 1005.8555055 573.275236073 1065.24979679 566.632353235 1065.52969497 573.859923551 1056.72988076 646.287044474 1015.4603933 649.356780728 1036.02706742 657.897992936 1053.16759327 599.965187448 1019.27441331 598.781893781 1071.76830335 550.429622042 1000.94366946 553.530881861 1086.48868206 603.913919425 988.063479128 600.859676627 1036.85211867 632.010311657 1035.4924028 648.555392533
1066.22300179 631.717075163 1001.80984665 629.934057746 1079.12148186 570.595238107 991.172496818 571.982029431 1006.17852458 567.067106558 1005.83512863 573.164846377 1065.28732989 566.559593294 1065.56843941 573.774190528 1056.70754711 646.237967324 1015.42078825 649.262493165 1036.0377526 657.741731548 1053.12108057 599.854420643 1019.26224019 598.689515931 1071.7832592 550.334779125 1000.88546579 553.448361154 1086.50532853 603.79680534 988.088050122 600.792090803 1036.85027459 631.920933398 1035.5282002 648.438278448
1066.19964736 631.627887861 1001.81544721 629.86264982 1079.12830157 570.546587782 991.199127833 571.900360266 1006.14494017 566.992861747 1005.81475176 573.054456681 1065.32486298 566.486833354 1065.60718384 573.688457504 1056.68521345 646.188890174 1015.3811832 649.168205602 1036.04843779 657.585470161 1053.07456786 599.743653838 1019.25006708 598.59713808 1071.79821504 550.239936208 1000.82726211 553.365840446 1086.521975 603.679691254 988.112621116 600.72450498 1036.84843051 631.831555139 1035.5639976 648.321164362
1066.17629292 631.538700559 1001.82104776 629.791241894 1079.13512128 570.497937458 991.225758849 571.8186911 1006.11135576 566.918616936 1005.79437488 572.944066984 1065.36239608 566.414073414 1065.64592828 573.602724481 1056.66287979 646.139813024 1015.34157815 649.073918039 1036.05912297 657.429208773 1053.02805515 599.632887032 1019.23789397 598.504760229 1071.81317088 550.145093291 1000.76905844 553.283319738 1086.53862147 603.562577169 988.137192109 600.656919156 1036.84658644 631.74217688 1035.599795 648.204050277
1066.15293849 631.449513257 1001.82664831 629.719833968 1079.14194099 570.449287133 991.252389864 571.737021934 1006.07777135 566.844372125 1005.77399801 572.833677288 1065.39992917 566.341313474 1065.68467271 573.516991458 1056.64054614 646.090735874 1015.3019731 648.979630476 1036.06980816 657.272947385 1052.98154245 599.522120227 1019.22572086 598.412382378 1071.82812672 550.050250374 1000.71085477 553.200799031 1086.55526794 603.445463084 988.161763103 600.589333332 1036.84474236 631.652798621 1035.6355924 648.086936192
1066.12958406 631.360325956 1001.83224887 629.648426042 1079.1487607 570.400636808 991.279020879 571.655352768 1006.04418694 566.770127314 1005.75362114 572.723287592 1065.43746226 566.268553534 1065.72341715 573.431258435 1056.61821248 646.041658724 1015.26236805 648.885342913 1036.08049334 657.116685997 1052.93502974 599.411353422 1019.21354775 598.320004527 1071.84308256 549.955407458 1000.6526511 553.118278323 1086.57191442 603.328348998 988.186334097 600.521747509 1036.84289828 631.563420362 1035.6713898 647.969822106
1066.10622963 631.271138654 1001.83784942 629.577018116 1079.15558041 570.351986483 991.305651894 571.573683602 1006.01060253 566.695882503 1005.73324426 572.612897896 1065.47499536 566.195793594 1065.76216159 573.345525412 1056.59587882 645.992581574 1015.222763 648.791055349 1036.09117853 656.960424609 1052.88851704 599.300586616 1019.20137464 598.227626677 1071.8580384 549.860564541 1000.59444743 553.035757616 1086.58856089 603.211234913 988.210905091 600.454161685 1036.8410542 631.474042104 1035.7071872 647.852708021
1066.0828752 631.181951352 1001.84344997 629.50561019 1079.16240012 570.303336158 991.332282909 571.492014437 1005.97701812 566.621637692 1005.71286739 572.502508199 1065.51252845 566.123033654 1065.80090602 573.259792388 1056.57354517 645.943504424 1015.18315795 648.696767786 1036.10186371 656.804163221 1052.84200433 599.189819811 1019.18920152 598.135248826 1071.87299425 549.765721624 1000.53624375 552.953236908 1086.60520736 603.094120828 988.235476084 600.386575861 1036.83921012 631.384663845 1035.7429846 647.735593936
1066.05952077 631.09276405 1001.84905053 629.434202264 1079.16921983 570.254685834 991.358913924 571.410345271 1005.94343371 566.547392881 1005.69249052 572.392118503 1065.55006155 566.050273714 1065.83965046 573.174059365 1056.55121151 645.894427274 1015.1435529 648.602480223 1036.11254889 656.647901833 1052.79549162 599.079053006 1019.17702841 598.042870975 1071.88795009 549.670878707 1000.47804008 552.8707162 1086.62185383 602.977006742 988.260047078 600.318990037 1036.83736604 631.295285586 1035.778782 647.618479851
1066.03616634 631.003576748 1001.85465108 629.362794338 1079.17603954 570.206035509 991.385544939 571.328676105 1005.9098493 566.47314807 1005.67211364 572.281728807 1065.58759464 565.977513774 1065.8783949 573.088326342 1056.52887785 645.845350124 1015.10394784 648.50819266 1036.12323408 656.491640445 1052.74897892 598.9682862 1019.1648553 597.950493124 1071.90290593 549.57603579 1000.41983641 552.788195493 1086.6385003 602.859892657 988.284618072 600.251404214 1036.83552196 631.205907327 1035.8145794 647.501365765
1066.01281191 630.914389446 1001.86025163 629.291386412 1079.18285925 570.157385184 991.412175955 571.247006939 1005.87626489 566.398903259 1005.65173677 572.171339111 1065.62512774 565.904753834 1065.91713933 573.002593319 1056.50654419 645.796272974 1015.06434279 648.413905097 1036.13391926 656.335379057 1052.70246621 598.857519395 1019.15268219 597.858115274 1071.91786177 549.481192873 1000.36163274 552.705674785 1086.65514677 602.742778572 988.309189065 600.18381839 1036.83367788 631.116529068 1035.8503768 647.38425168
1065.98945748 630.825202144 1001.86585219 629.219978486 1079.18967896 570.108734859 991.43880697 571.165337773 1005.84268048 566.324658448 1005.6313599 572.060949415 1065.66266083 565.831993894 1065.95588377 572.916860296 1056.48421054 645.747195824 1015.02473774 648.319617534 1036.14460445 656.179117669 1052.6559535 598.74675259 1019.14050908 597.765737423 1071.93281761 549.386349956 1000.30342907 552.623154077 1086.67179325 602.625664486 988.333760059 600.116232566 1036.8318338 631.027150809 1035.88617419 647.267137595
1065.96610305 630.736014842 1001.87145274 629.14857056 1079.19649867 570.060084535 991.465437985 571.083668607 1005.80909607 566.250413637 1005.61098302 571.950559718 1065.70019392 565.759233954 1065.9946282 572.831127273 1056.46187688 645.698118674 1014.98513269 648.22532997 1036.15528963 656.022856281 1052.6094408 598.635985784 1019.12833597 597.673359572 1071.94777345 549.291507039 1000.24522539 552.54063337 1086.68843972 602.508550401 988.358331053 600.048646742 1036.82998972 630.937772551 1035.92197159 647.150023509
1065.94274862 630.64682754 1001.87705329 629.077162634 1079.20331838 570.01143421 991.492069 571.001999442 1005.77551166 566.176168826 1005.59060615 571.840170022 1065.73772702 565.686474014 1066.03337264 572.745394249 1056.43954322 645.649041524 1014.94552764 648.131042407 1036.16597482 655.866594894 1052.56292809 598.525218979 1019.11616286 597.580981721 1071.96272929 549.196664122 1000.18702172 552.458112662 1086.70508619 602.391436316 988.382902046 599.981060919 1036.82814564 630.848394292 1035.95776899 647.032909424
1065.91939419 630.557640238 1001.88265385 629.005754708 1079.21013809 569.962783885 991.518700015 570.920330276 1005.74192725 566.101924015 1005.57022928 571.729780326 1065.77526011 565.613714074 1066.07211708 572.659661226 1056.41720957 645.599964374 1014.90592259 648.036754844 1036.17666 655.710333506 1052.51641539 598.414452174 1019.10398974 597.48860387 1071.97768514 549.101821205 1000.12881805 552.375591954 1086.72173266 602.27432223 988.40747304 599.913475095 1036.82630157 630.759016033 1035.99356639 646.915795339
1065.89603976 630.468452936 1001.8882544 628.934346782 1079.2169578 569.91413356 991.54533103 570.83866111 1005.70834284 566.027679204 1005.5498524 571.61939063 1065.81279321 565.540954134 1066.11086151 572.573928203 1056.39487591 645.550887224 1014.86631754 647.942467281 1036.18734518 655.554072118 1052.46990268 598.303685368 1019.09181663 597.39622602 1071.99264098 549.006978288 1000.07061438 552.293071247 1086.73837913 602.157208145 988.432044034 599.845889271 1036.82445749 630.669637774 1036.02936379 646.798681253
1065.87268533 630.379265634 1001.89385495 628.862938856 1079.22377751 569.865483236 991.571962046 570.756991944 1005.67475843 565.953434393 1005.52947553 571.509000934 1065.8503263 565.468194194 1066.14960595 572.48819518 1056.37254225 645.501810074 1014.82671249 647.848179718 1036.19803037 655.39781073 1052.42338997 598.192918563 1019.07964352 597.303848169 1072.00759682 548.912135371 1000.01241071 552.210550539 1086.75502561 602.04009406 988.456615027 599.778303447 1036.82261341 630.580259515 1036.06516119 646.681567168
1065.8493309 630.290078332 1001.89945551 628.791530931 1079.23059722 569.816832911 991.598593061 570.675322778 1005.64117402 565.879189582 1005.50909866 571.398611237 1065.88785939 565.395434253 1066.18835038 572.402462157 1056.3502086 645.452732924 1014.78710744 647.753892155 1036.20871555 655.241549342 1052.37687727 598.082151758 1019.06747041 597.211470318 1072.02255266 548.817292455 999.954207035 552.128029832 1086.77167208 601.922979974 988.481186021 599.710717624 1036.82076933 630.490881256 1036.10095859 646.564453083
1065.82597647 630.20089103 1001.90505606 628.720123005 1079.23741693 569.768182586 991.625224076 570.593653613 1005.60758961 565.804944771 1005.48872178 571.288221541 1065.92539249 565.322674313 1066.22709482 572.316729133 1056.32787494 645.403655774 1014.74750239 647.659604592 1036.21940074 655.085287954 1052.33036456 597.971384952 1019.0552973 597.119092467 1072.0375085 548.722449538 999.896003363 552.045509124 1086.78831855 601.805865889 988.505757015 599.6431318 1036.81892525 630.401502998 1036.13675599 646.447338997
1065.80262204 630.111703728 1001.91065661 628.648715079 1079.24423665 569.719532261 991.651855091 570.511984447 1005.5740052 565.73069996 1005.46834491 571.177831845 1065.96292558 565.249914373 1066.26583926 572.23099611 1056.30554128 645.354578624 1014.70789734 647.565317028 1036.23008592 654.929026566 1052.28385185 597.860618147 1019.04312419 597.026714617 1072.05246434 548.627606621 999.837799691 551.962988416 1086.80496502 601.688751804 988.530328009 599.575545976 1036.81708117 630.312124739 1036.17255339 646.330224912
1065.77926761 630.022516426 1001.91625717 628.577307153 1079.25105636 569.670881937 991.678486106 570.430315281 1005.54042079 565.656455149 1005.44796804 571.067442149 1066.00045868 565.177154433 1066.30458369 572.145263087 1056.28320763 645.305501474 1014.66829229 647.471029465 1036.24077111 654.772765178 1052.23733915 597.749851342 1019.03095107 596.934336766 1072.06742019 548.532763704 999.779596019 551.880467709 1086.82161149 601.571637718 988.554899002 599.507960152 1036.81523709 630.22274648 1036.20835079 646.213110827
1065.75591318 629.933329125 1001.92185772 628.505899227 1079.25787607 569.622231612 991.705117121 570.348646115 1005.50683638 565.582210337 1005.42759116 570.957052453 1066.03799177 565.104394493 1066.34332813 572.059530064 1056.26087397 645.256424324 1014.62868724 647.376741902 1036.25145629 654.61650379 1052.19082644 597.639084536 1019.01877796 596.841958915 1072.08237603 548.437920787 999.721392347 551.797947001 1086.83825797 601.454523633 988.579469996 599.440374329 1036.81339301 630.133368221 1036.24414819 646.095996741
1065.73255875 629.844141823 1001.92745827 628.434491301 1079.26469578 569.573581287 991.731748136 570.266976949 1005.47325197 565.507965526 1005.40721429 570.846662756 1066.07552486 565.031634553 1066.38207257 571.973797041 1056.23854031 645.207347174 1014.58908219 647.282454339 1036.26214147 654.460242402 1052.14431374 597.528317731 1019.00660485 596.749581064 1072.09733187 548.34307787 999.663188675 551.715426293 1086.85490444 601.337409548 988.60404099 599.372788505 1036.81154893 630.043989962 1036.27994559 645.978882656
1065.70920432 629.754954521 1001.93305883 628.363083375 1079.27151549 569.524930962 991.758379152 570.185307783 1005.43966756 565.433720715 1005.38683742 570.73627306 1066.11305796 564.958874613 1066.420817 571.888064018 1056.21620666 645.158270024 1014.54947714 647.188166776 1036.27282666 654.303981014 1052.09780103 597.417550926 1018.99443174 596.657203213 1072.11228771 548.248234953 999.604985003 551.632905586 1086.87155091 601.220295462 988.628611983 599.305202681 1036.80970485 629.954611703 1036.31574299 645.861768571
1065.68584989 629.665767219 1001.93865938 628.291675449 1079.2783352 569.476280638 991.785010167 570.103638618 1005.40608315 565.359475904 1005.36646054 570.625883364 1066.15059105 564.886114673 1066.45956144 571.802330994 1056.193873 645.109192874 1014.50987209 647.093879213 1036.28351184 654.147719627 1052.05128832 597.30678412 1018.98225863 596.564825363 1072.12724355 548.153392036 999.546781331 551.550384878 1086.88819738 601.103181377 988.653182977 599.237616857 1036.80786077 629.865233444 1036.35154039 645.744654485
1065.66249546 629.576579917 1001.94425993 628.220267523 1079.28515491 569.427630313 991.811641182 570.021969452 1005.37249874 565.285231093 1005.34608367 570.515493668 1066.18812415 564.813354733 1066.49830587 571.716597971 1056.17153934 645.060115724 1014.47026704 646.999591649 1036.29419703 653.991458239 1052.00477562 597.196017315 1018.97008552 596.472447512 1072.14219939 548.058549119 999.488577659 551.46786417 1086.90484385 600.986067292 988.677753971 599.170031034 1036.80601669 629.775855186 1036.38733779 645.6275404
1065.63914103 629.487392615 1001.94986049 628.148859597 1079.29197462 569.378979988 991.838272197 569.940300286 1005.33891433 565.210986282 1005.3257068 570.405103972 1066.22565724 564.740594793 1066.53705031 571.630864948 1056.14920569 645.011038574 1014.43066199 646.905304086 1036.30488221 653.835196851 1051.95826291 597.08525051 1018.9579124 596.380069661 1072.15715523 547.963706202 999.430373987 551.385343463 1086.92149032 600.868953206 988.702324964 599.10244521 1036.80417262 629.686476927 1036.42313519 645.510426315
1065.6157866 629.398205313 1001.95546104 628.077451671 1079.29879433 569.330329663 991.864903212 569.85863112 1005.30532992 565.136741471 1005.30532992 570.294714275 1066.26319033 564.667834853 1066.57579475 571.545131925 1056.12687203 644.961961424 1014.39105693 646.811016523 1036.3155674 653.678935463 1051.9117502 596.974483704 1018.94573929 596.28769181 1072.17211108 547.868863285 999.372170315 551.302822755 1086.9381368 600.751839121 988.726895958 599.034859386 1036.80232854 629.597098668 1036.45893259 645.393312229
1065.71345596 629.910599225 1001.92105504 628.457770218 1079.02665267 569.631402992 991.460686192 570.159704449 1006.1054214 565.15725234 1005.97334604 570.641896755 1066.30130856 564.658648303 1066.58968613 571.399180944 1056.61051166 644.824546948 1015.79922411 647.333978869 1036.1388302 654.598123901 1051.11826554 597.666524158 1018.78753714 596.87671348 1072.63202162 547.891281642 1000.29566539 551.393920302 1086.26484072 600.448031329 988.500014611 598.250297268 1036.64412638 629.825554593 1035.57959894 645.759126533
1065.81112532 630.422993137 1001.88664904 628.838088766 1078.75451102 569.932476321 991.056469171 570.460777778 1006.90551288 565.177763209 1006.64136215 570.989079235 1066.33942678 564.649461752 1066.60357751 571.253229964 1057.09415128 644.687132473 1017.20739129 647.856941214 1035.96209301 655.517312339 1050.32478089 598.358564612 1018.62933498 597.46573515 1073.09193217 547.9137 1001.21916047 551.485017848 1085.59154464 600.144223536 988.273133265 597.46573515 1036.48592422 630.054010519 1034.7002653 646.124940837
